Jahrmarkt, - 9. ProdSV,- 2006/42/EG,,
Verguegungspark, - 9. ProdSV, - 2014/35/EU,- 2006/42/EG,
Offshore-Anlage, - 9. ProdSV, + 94/9/EG,- 2006/42/EG,- 2014/34/EU
Onshoe-Anlage, - 9. ProdSV, + 2014/35/EU,,
haeuslicher Gebrauch, + 9. ProdSV, - 94/9/EG,,- 2014/34/EU
explosionsfaehige Atmosphaere, - 9. ProdSV,- 2014/35/EU,+ 2014/34/EU,
Schiff, - 9. ProdSV,- 2014/35/EU,- 2006/42/EG,- 2014/34/EU
Flugzeug, - 9. ProdSV,- 2014/35/EU,,- 2014/34/EU
Eisenbahn, - 9. ProdSV,- 2014/35/EU,,- 2014/34/EU
andere Fahrzeuge, - 9. ProdSV,,,- 2014/34/EU
