Jahrmarkt, - 9. ProdSV,- 2006/42/EG,,,
Verguegungspark, - 9. ProdSV, - 2014/35/EU,- 2006/42/EG,,
Onshoe-Anlage, - 9. ProdSV, + 2014/35/EU,,,
haeuslicher Gebrauch, + 9. ProdSV, - 94/9/EG,,- 2014/34/EU,
explosionsfähige Atmosphäre, - 9. ProdSV,- 2014/35/EU,+ 2014/34/EU,,
auf Seeschiffen oder bewglichen Offshore-Anlagen, - 9. ProdSV,- 2014/35/EU,- 2006/42/EG,- 2014/34/EU, + 94/9/EG
Flugzeug, - 9. ProdSV,- 2014/35/EU,,- 2014/34/EU,
Eisenbahn, - 9. ProdSV,- 2014/35/EU,,- 2014/34/EU,
andere Fahrzeuge, - 9. ProdSV,,,- 2014/34/EU,
in untertägigen Bergwerken oder deren Übertageanlagen,,,,+ 2014/34/EU,
nichtkommerzielle Umgebung,,,,- 2014/34/EU,
